{"_step":1,"episode":228,"ego_progress":96.93203735351562,"opp_progress":107.90414428710938,"opp1_progress":116.54017639160156,"ep_steps":500,"_wandb":{"runtime":907},"_runtime":907,"_timestamp":1.756272734140233e+09}