{"count":1,"self":13.9384032,"total":61.341736999999995,"children":{"InitializeActuators":{"count":1,"self":0.0010659999999999999,"total":0.0010659999999999999,"children":null},"InitializeSensors":{"count":1,"self":0.00081399999999999994,"total":0.00081399999999999994,"children":null},"AgentSendState":{"count":1870,"self":0.010154999999999999,"total":0.063475,"children":{"CollectObservations":{"count":1870,"self":0.0094609999999999989,"total":0.0094609999999999989,"children":null},"WriteActionMask":{"count":1870,"self":0.001852,"total":0.001852,"children":null},"RequestDecision":{"count":1870,"self":0.005225,"total":0.042006999999999996,"children":{"AgentInfo.ToProto":{"count":1870,"self":0.0070589999999999993,"total":0.036781999999999995,"children":{"GenerateSensorData":{"count":1870,"self":0.029723,"total":0.029723,"children":null}}}}}}},"DecideAction":{"count":1870,"self":47.1474688,"total":47.14747,"children":null},"AgentAct":{"count":1870,"self":0.189667,"total":0.189667,"children":null}},"gauges":{},"metadata":{"timer_format_version":"0.1.0","start_time_seconds":"1757004166","unity_version":"2021.3.24f1","command_line_arguments":"\/home\/yug\/agv-alpharacer\/alpha-RACER\/simulators\/env-v0.x86_64 --mlagents-port 5005 -logFile logs\/Player-0.log","communication_protocol_version":"1.5.0","com.unity.ml-agents_version":"2.0.1","scene_name":"multi_car","end_time_seconds":"1757004228"}}